snr,wifi_db,exp_phase_shift,exp_doppler_shift,found_phase_shift,found_doppler_shift
-50,-100,2652,-54,7856.0,800
-50,-100,1445,389,4228.0,0
-50,-100,9751,9,8331.0,600
-50,-100,1706,-333,9451.0,-300
-50,-100,9076,716,5558.0,400
-50,-100,7122,43,2377.0,900
-50,-100,830,829,6173.0,900
-50,-100,1580,-878,6687.0,-800
-50,-100,4283,-382,2204.0,500
-50,-100,109,-686,471.0,200
-50,-90,3996,-843,2252.0,-300
-50,-90,3177,909,6343.0,800
-50,-90,7970,653,6528.0,-600
-50,-90,3083,-666,5441.0,800
-50,-90,7520,-957,6853.0,-400
-50,-90,5110,-466,7454.0,900
-50,-90,7663,-696,9090.0,-400
-50,-90,2432,603,7313.0,-100
-50,-90,5430,101,8917.0,800
-50,-90,3568,-267,6165.0,100
-50,-80,370,-481,7733.0,500
-50,-80,6428,-533,4872.0,-300
-50,-80,7294,603,8700.0,-500
-50,-80,7924,61,2264.0,-400
-50,-80,3678,274,8184.0,-200
-50,-80,1890,362,6767.0,600
-50,-80,4010,501,3394.0,900
-50,-80,2384,43,429.0,100
-50,-80,5007,75,8257.0,-900
-50,-80,3985,-679,7875.0,-500
-50,-70,4218,616,217.0,800
-50,-70,8506,675,6824.0,100
-50,-70,9373,-480,90.0,-300
-50,-70,6974,800,6495.0,-400
-50,-70,9108,331,2093.0,-1000
-50,-70,8734,567,7084.0,-900
-50,-70,7451,628,6061.0,-700
-50,-70,6851,61,8786.0,-600
-50,-70,3375,666,4020.0,-400
-50,-70,7454,-387,7521.0,-300
-50,-60,5020,-949,6977.0,900
-50,-60,4825,192,3731.0,500
-50,-60,1044,375,8362.0,500
-50,-60,9067,463,9631.0,-200
-50,-60,8482,-858,8297.0,600
-50,-60,9677,-872,3638.0,800
-50,-60,6873,-345,507.0,-1000
-50,-60,7131,396,7150.0,-1000
-50,-60,2460,487,7851.0,200
-50,-60,1213,-566,3283.0,-500
-50,-50,4584,-40,6010.0,-900
-50,-50,7347,710,73.0,100
-50,-50,437,-616,4763.0,600
-50,-50,2609,200,6758.0,-1000
-50,-50,6376,718,1853.0,900
-50,-50,2822,-349,2828.0,-400
-50,-50,1112,833,9914.0,200
-50,-50,8465,733,4426.0,-900
-50,-50,8676,675,1319.0,0
-50,-50,2103,416,9064.0,900
-50,-40,8128,-382,5604.0,-900
-50,-40,1036,872,3664.0,300
-50,-40,3263,-367,3232.0,400
-50,-40,2796,364,8872.0,700
-50,-40,4213,857,4959.0,-400
-50,-40,3232,-278,5851.0,-100
-50,-40,9185,279,5334.0,-100
-50,-40,4018,615,665.0,-600
-50,-40,7536,174,8972.0,-600
-50,-40,9933,981,3822.0,200
-50,-30,6826,437,6686.0,200
-50,-30,6477,-554,8326.0,200
-50,-30,3461,906,9771.0,-1000
-50,-30,3192,49,9124.0,600
-50,-30,8378,-64,8529.0,-900
-50,-30,4429,-892,9333.0,500
-50,-30,3776,-993,3889.0,900
-50,-30,4564,-908,9359.0,-1000
-50,-30,3321,607,9129.0,200
-50,-30,9074,199,5444.0,300
-50,-20,1517,933,8112.0,900
-50,-20,9715,-741,9669.0,400
-50,-20,8627,956,6706.0,-800
-50,-20,2517,-197,2672.0,-1000
-50,-20,9880,-352,2394.0,300
-50,-20,8132,426,9294.0,-200
-50,-20,8551,-285,4031.0,-200
-50,-20,7872,-709,9292.0,300
-50,-20,2785,91,9.0,-100
-50,-20,8208,-452,3946.0,700
-50,-10,1762,-56,9486.0,600
-50,-10,9757,-894,208.0,-100
-50,-10,221,398,5940.0,-700
-50,-10,1349,-930,5343.0,-800
-50,-10,778,-202,4257.0,-1000
-50,-10,6959,742,6428.0,-700
-50,-10,119,409,9351.0,-600
-50,-10,5435,-602,5098.0,800
-50,-10,5187,-7,6036.0,-300
-50,-10,6357,-846,1725.0,500
-50,0,3053,510,7539.0,100
-50,0,1830,-288,1382.0,-200
-50,0,1622,-194,4625.0,-800
-50,0,4110,323,274.0,-500
-50,0,2438,-721,3203.0,700
-50,0,3722,778,5574.0,500
-50,0,5877,-669,2884.0,200
-50,0,8312,617,8784.0,-300
-50,0,3894,600,9249.0,-400
-50,0,1999,854,8515.0,-200
-50,10,6407,-374,4120.0,400
-50,10,486,-85,2457.0,-800
-50,10,9656,785,3586.0,-500
-50,10,2355,936,7608.0,-1000
-50,10,5559,-664,2159.0,900
-50,10,9414,-151,7828.0,800
-50,10,5625,668,9257.0,900
-50,10,1284,93,719.0,900
-50,10,1000,214,7220.0,800
-50,10,7291,-484,6866.0,-800
-50,20,7206,-702,6954.0,-600
-50,20,6059,380,2161.0,-500
-50,20,7601,-818,7742.0,500
-50,20,8629,-939,7934.0,500
-50,20,3297,-224,7590.0,-200
-50,20,6090,212,4590.0,300
-50,20,8345,955,568.0,100
-50,20,3420,-690,1590.0,-800
-50,20,9711,-542,4743.0,-1000
-50,20,3204,-251,8980.0,200
-50,30,2147,420,7677.0,800
-50,30,984,724,5655.0,-100
-50,30,7488,-627,4273.0,-500
-50,30,3088,127,219.0,-100
-50,30,3012,601,2322.0,900
-50,30,1133,-314,606.0,300
-50,30,3864,-583,342.0,200
-50,30,982,951,5468.0,700
-50,30,6458,668,6998.0,-800
-50,30,8076,692,2742.0,700
-50,40,1141,-430,7002.0,-1000
-50,40,2038,-489,9226.0,-400
-50,40,5876,-401,6765.0,-1000
-50,40,1206,735,9054.0,800
-50,40,1702,-921,2110.0,-100
-50,40,4093,-707,1271.0,200
-50,40,6628,-820,5982.0,-900
-50,40,5423,618,9649.0,-700
-50,40,6979,-754,977.0,-400
-50,40,7194,-677,8944.0,-400
-50,50,1527,928,246.0,700
-50,50,8935,-636,9616.0,800
-50,50,1213,152,8756.0,-400
-50,50,60,884,3716.0,300
-50,50,6768,-390,8631.0,400
-50,50,3111,932,9336.0,-1000
-50,50,8059,-325,9658.0,400
-50,50,6270,-515,7557.0,500
-50,50,3805,-200,8580.0,100
-50,50,6147,542,6683.0,500
-40,-100,9467,158,3067.0,800
-40,-100,3881,-555,7133.0,-700
-40,-100,5658,-668,1315.0,-1000
-40,-100,544,-209,8344.0,800
-40,-100,7594,430,6490.0,200
-40,-100,2523,-928,6332.0,700
-40,-100,600,-925,8647.0,-600
-40,-100,2823,-115,5334.0,300
-40,-100,2395,-52,725.0,-1000
-40,-100,167,474,2177.0,900
-40,-90,4341,-147,3103.0,-300
-40,-90,9988,-552,277.0,-200
-40,-90,4796,333,1604.0,-400
-40,-90,9274,744,6350.0,-1000
-40,-90,9209,885,2327.0,-600
-40,-90,4025,-138,8029.0,-300
-40,-90,7257,252,3066.0,500
-40,-90,5614,997,5896.0,900
-40,-90,1465,54,9924.0,900
-40,-90,1883,-179,8391.0,-700
-40,-80,3197,801,9090.0,800
-40,-80,9410,-626,948.0,-100
-40,-80,8353,-883,7698.0,800
-40,-80,3675,978,5976.0,700
-40,-80,9499,-55,1966.0,500
-40,-80,3032,-679,9755.0,-400
-40,-80,5299,-476,2194.0,800
-40,-80,5396,-268,4499.0,-600
-40,-80,2577,-466,4439.0,-700
-40,-80,1481,59,495.0,400
-40,-70,4302,141,7603.0,-800
-40,-70,7274,970,1542.0,-1000
-40,-70,4569,138,8051.0,600
-40,-70,1486,-253,6035.0,-400
-40,-70,9463,149,8978.0,-1000
-40,-70,1702,-326,8726.0,-900
-40,-70,9375,251,5988.0,400
-40,-70,6044,-104,5846.0,-1000
-40,-70,6868,887,1422.0,900
-40,-70,550,453,1428.0,300
-40,-60,9817,-208,9981.0,-300
-40,-60,2662,543,4179.0,100
-40,-60,9980,-419,665.0,-400
-40,-60,1607,958,605.0,300
-40,-60,7966,-277,605.0,-700
-40,-60,5397,999,7088.0,900
-40,-60,741,92,6558.0,800
-40,-60,5957,368,9302.0,400
-40,-60,3535,571,4314.0,-200
-40,-60,5783,752,2591.0,900
-40,-50,514,-642,3626.0,100
-40,-50,8285,819,6682.0,900
-40,-50,7591,-928,6892.0,-1000
-40,-50,2529,-116,6169.0,-400
-40,-50,8795,93,1790.0,-500
-40,-50,2400,-756,9227.0,-700
-40,-50,7435,715,6891.0,800
-40,-50,6290,-658,1357.0,900
-40,-50,4790,-408,7320.0,0
-40,-50,6056,-683,531.0,800
-40,-40,306,95,5779.0,900
-40,-40,6386,62,9136.0,100
-40,-40,902,-542,6811.0,-300
-40,-40,5702,600,7122.0,900
-40,-40,4427,756,9207.0,200
-40,-40,9978,-152,2798.0,-500
-40,-40,299,-548,2868.0,-100
-40,-40,5301,995,6417.0,-900
-40,-40,7636,-233,679.0,-1000
-40,-40,8018,-694,7235.0,300
-40,-30,8577,-401,144.0,400
-40,-30,5063,-136,4208.0,900
-40,-30,2038,-178,285.0,600
-40,-30,9177,427,5601.0,-500
-40,-30,4993,-712,6217.0,-400
-40,-30,4792,699,6481.0,-500
-40,-30,9380,85,2909.0,900
-40,-30,8180,-909,7828.0,600
-40,-30,9310,534,6264.0,300
-40,-30,8587,-30,999.0,-1000
-40,-20,1273,693,7139.0,-600
-40,-20,3174,-527,1156.0,900
-40,-20,1231,-564,9670.0,-1000
-40,-20,1784,-957,1559.0,-1000
-40,-20,3853,473,529.0,-200
-40,-20,9225,-168,5266.0,-200
-40,-20,9145,296,8515.0,100
-40,-20,6952,529,9971.0,-600
-40,-20,7812,210,4544.0,100
-40,-20,7454,797,3280.0,-300
-40,-10,8225,899,3392.0,900
-40,-10,1945,501,7001.0,-200
-40,-10,2923,280,532.0,-1000
-40,-10,8857,455,9043.0,900
-40,-10,8014,-510,310.0,-900
-40,-10,9031,-697,3729.0,-100
-40,-10,5509,698,473.0,300
-40,-10,7949,-751,7556.0,-600
-40,-10,9841,-432,9491.0,0
-40,-10,3842,2,9237.0,500
-40,0,2713,-685,2479.0,100
-40,0,610,658,7876.0,900
-40,0,3934,-716,7946.0,-1000
-40,0,1620,323,1224.0,-100
-40,0,2434,-220,7743.0,-300
-40,0,89,598,4689.0,-400
-40,0,5767,-364,5453.0,0
-40,0,4095,637,4693.0,-400
-40,0,8286,907,3099.0,-300
-40,0,6952,907,5867.0,800
-40,10,5824,290,8311.0,-800
-40,10,4447,383,4187.0,300
-40,10,2382,-477,9573.0,500
-40,10,1073,-470,2741.0,-700
-40,10,5974,-740,5658.0,-1000
-40,10,5020,-430,4270.0,-1000
-40,10,9960,-342,5210.0,-800
-40,10,7190,708,4589.0,-500
-40,10,7859,-887,503.0,600
-40,10,5158,271,3874.0,-1000
-40,20,3903,863,8427.0,200
-40,20,3392,717,5495.0,-500
-40,20,8371,890,2534.0,-800
-40,20,6197,-409,3441.0,0
-40,20,134,-64,9957.0,-1000
-40,20,9812,-280,7052.0,0
-40,20,4437,926,197.0,-300
-40,20,6254,-486,6241.0,400
-40,20,2879,940,9118.0,700
-40,20,4441,-671,3619.0,900
-40,30,1218,349,7921.0,-600
-40,30,1545,-850,1759.0,800
-40,30,9727,-871,9968.0,-1000
-40,30,8470,-106,7001.0,700
-40,30,9112,-390,1840.0,800
-40,30,2043,638,1640.0,-1000
-40,30,5285,-177,8959.0,900
-40,30,2099,291,4876.0,-500
-40,30,2622,742,7006.0,300
-40,30,797,450,3417.0,400
-40,40,4197,737,477.0,-400
-40,40,7052,252,8240.0,-700
-40,40,7301,53,246.0,600
-40,40,8307,114,57.0,-200
-40,40,4181,-393,3483.0,-900
-40,40,4345,813,9813.0,-1000
-40,40,1903,-321,2486.0,-1000
-40,40,5059,-772,8755.0,-700
-40,40,1522,-987,9075.0,400
-40,40,5428,-588,7559.0,700
-40,50,976,-140,7557.0,600
-40,50,5774,-991,246.0,800
-40,50,1940,598,7557.0,700
-40,50,9062,732,7558.0,600
-40,50,4025,484,8756.0,-600
-40,50,6197,-724,7557.0,500
-40,50,8882,-779,8756.0,-600
-40,50,6963,-427,7557.0,600
-40,50,8182,658,7558.0,700
-40,50,661,498,7558.0,600
-30,-100,5775,225,9560.0,100
-30,-100,2034,817,9968.0,-700
-30,-100,415,-735,6787.0,-800
-30,-100,6431,-895,6371.0,900
-30,-100,4295,926,7787.0,-900
-30,-100,6858,387,1612.0,-400
-30,-100,2593,731,9152.0,0
-30,-100,2926,301,4488.0,700
-30,-100,2228,-857,2229.0,-800
-30,-100,164,-475,6542.0,600
-30,-90,4764,-666,899.0,-1000
-30,-90,3086,-875,9219.0,600
-30,-90,45,-327,5697.0,800
-30,-90,3789,-42,3789.0,-100
-30,-90,7664,368,7665.0,400
-30,-90,8974,364,5293.0,600
-30,-90,2241,554,8824.0,500
-30,-90,2194,-48,6784.0,200
-30,-90,5311,589,5449.0,900
-30,-90,6103,952,3314.0,-400
-30,-80,9913,-685,7637.0,-900
-30,-80,5709,-179,5709.0,-300
-30,-80,9256,-368,5310.0,-300
-30,-80,7396,-384,778.0,500
-30,-80,8809,942,3709.0,300
-30,-80,7879,853,3002.0,800
-30,-80,6412,284,4219.0,600
-30,-80,2008,477,1227.0,600
-30,-80,8536,405,3504.0,-300
-30,-80,3680,-877,764.0,900
-30,-70,4204,369,4204.0,300
-30,-70,7104,5,8306.0,-1000
-30,-70,5370,-675,5257.0,100
-30,-70,8413,844,3772.0,300
-30,-70,8404,913,3287.0,-800
-30,-70,2602,437,2329.0,-400
-30,-70,4411,984,9291.0,800
-30,-70,2010,-756,8477.0,200
-30,-70,811,881,9151.0,0
-30,-70,5854,-2,3448.0,-800
-30,-60,7205,695,6548.0,900
-30,-60,7805,-524,3046.0,-800
-30,-60,8943,-401,1234.0,600
-30,-60,6128,-748,9327.0,-300
-30,-60,1014,728,1128.0,900
-30,-60,490,343,5820.0,-600
-30,-60,3255,288,2371.0,900
-30,-60,8376,-771,8549.0,500
-30,-60,6900,-112,35.0,-300
-30,-60,7534,846,2717.0,700
-30,-50,3205,147,790.0,0
-30,-50,157,545,6954.0,-800
-30,-50,8875,-917,4525.0,900
-30,-50,4751,-885,9196.0,300
-30,-50,968,386,8444.0,100
-30,-50,7790,-323,4897.0,-900
-30,-50,1691,-974,355.0,-1000
-30,-50,838,63,6508.0,-100
-30,-50,393,935,5180.0,500
-30,-50,4748,74,7706.0,900
-30,-40,1682,606,3861.0,-1000
-30,-40,7887,935,6826.0,-200
-30,-40,104,502,5180.0,-300
-30,-40,7712,-638,8668.0,-900
-30,-40,1746,806,4479.0,-400
-30,-40,735,-161,5804.0,500
-30,-40,3209,-620,5510.0,-1000
-30,-40,4670,-935,9760.0,800
-30,-40,6278,-31,9370.0,-1000
-30,-40,3960,96,5092.0,-100
-30,-30,3493,-89,6304.0,-1000
-30,-30,8752,-795,8752.0,-800
-30,-30,4054,232,959.0,-700
-30,-30,5073,958,5461.0,100
-30,-30,9730,784,3024.0,-600
-30,-30,6955,-755,9786.0,900
-30,-30,2331,64,2332.0,300
-30,-30,4476,120,9893.0,200
-30,-30,591,-794,591.0,-900
-30,-30,4820,882,3448.0,300
-30,-20,631,486,9922.0,300
-30,-20,4314,751,9705.0,700
-30,-20,6522,-109,160.0,-600
-30,-20,6289,-806,6288.0,-800
-30,-20,8338,-833,1228.0,-1000
-30,-20,3965,-95,3963.0,-200
-30,-20,4327,-67,1310.0,400
-30,-20,3149,-202,5794.0,-100
-30,-20,3450,848,5239.0,400
-30,-20,3218,-172,9512.0,-400
-30,-10,704,-733,5691.0,200
-30,-10,7337,935,1098.0,700
-30,-10,8984,-978,7234.0,-300
-30,-10,7452,-274,3694.0,500
-30,-10,4310,143,4934.0,600
-30,-10,6168,-405,5322.0,900
-30,-10,4050,-141,2578.0,900
-30,-10,2191,620,2514.0,600
-30,-10,7765,840,7129.0,400
-30,-10,9755,-115,2293.0,-1000
-30,0,5526,-244,921.0,-400
-30,0,5648,-773,2722.0,-1000
-30,0,9194,-69,7651.0,-600
-30,0,7189,56,7409.0,500
-30,0,3152,-134,4532.0,-600
-30,0,5291,-541,1252.0,900
-30,0,2277,317,890.0,-600
-30,0,8832,-859,5717.0,400
-30,0,9500,-534,1862.0,800
-30,0,8420,893,2751.0,200
-30,10,6729,-496,9420.0,900
-30,10,6873,266,6545.0,900
-30,10,4208,-785,8221.0,0
-30,10,670,582,329.0,700
-30,10,1208,-479,4283.0,100
-30,10,1402,-214,8294.0,800
-30,10,5404,276,7347.0,400
-30,10,5891,-662,8155.0,100
-30,10,9009,886,3680.0,-300
-30,10,3557,45,4109.0,-300
-30,20,5742,59,1143.0,-1000
-30,20,2150,-609,2153.0,-400
-30,20,9987,-225,3156.0,200
-30,20,5232,-402,5029.0,-100
-30,20,6990,533,1788.0,-600
-30,20,7007,994,9032.0,-1000
-30,20,5173,700,5131.0,-100
-30,20,4429,-18,6839.0,-400
-30,20,3885,845,426.0,-800
-30,20,6036,367,3103.0,900
-30,30,1443,318,9753.0,900
-30,30,5256,362,1929.0,-600
-30,30,7804,538,1981.0,0
-30,30,9078,-516,4260.0,-300
-30,30,1449,-318,7954.0,600
-30,30,5099,-584,51.0,900
-30,30,9234,323,5663.0,300
-30,30,1822,233,7558.0,900
-30,30,7464,797,7556.0,600
-30,30,6991,-446,6666.0,200
-30,40,237,216,7557.0,500
-30,40,658,14,8757.0,-600
-30,40,2695,-470,7557.0,600
-30,40,8552,655,7557.0,600
-30,40,305,279,8240.0,-500
-30,40,105,506,7557.0,600
-30,40,1458,-813,7558.0,600
-30,40,7205,-734,7557.0,600
-30,40,1386,-454,8757.0,-600
-30,40,3923,286,7557.0,600
-30,50,7635,386,7557.0,500
-30,50,9955,153,7557.0,600
-30,50,3432,-336,7557.0,600
-30,50,4501,71,7557.0,600
-30,50,8410,-411,7557.0,500
-30,50,5195,466,7557.0,600
-30,50,241,89,7557.0,500
-30,50,5931,-933,7557.0,600
-30,50,6568,157,7557.0,600
-30,50,2393,481,7557.0,600
-20,-100,2352,-833,2352.0,-800
-20,-100,1902,119,1902.0,100
-20,-100,4172,764,4172.0,800
-20,-100,53,213,53.0,300
-20,-100,1875,959,1875.0,900
-20,-100,2934,-358,2934.0,-200
-20,-100,4250,808,4250.0,700
-20,-100,6776,144,6776.0,200
-20,-100,3282,-680,3281.0,-600
-20,-100,63,780,63.0,900
-20,-90,3224,290,3224.0,400
-20,-90,974,61,975.0,100
-20,-90,8592,-304,8592.0,-300
-20,-90,5494,822,5494.0,800
-20,-90,6658,-169,6658.0,-200
-20,-90,8509,-112,8509.0,-200
-20,-90,8057,-932,8057.0,-900
-20,-90,1408,-940,1407.0,-900
-20,-90,1898,903,1898.0,900
-20,-90,8731,-612,8731.0,-600
-20,-80,4081,-177,4081.0,-200
-20,-80,8374,44,8375.0,0
-20,-80,3491,-894,3491.0,-900
-20,-80,4853,-170,4853.0,-100
-20,-80,6383,-252,6383.0,-300
-20,-80,1024,318,1024.0,400
-20,-80,9594,-866,9594.0,-900
-20,-80,8793,-403,8792.0,-400
-20,-80,9488,153,9488.0,200
-20,-80,8730,-887,8729.0,-900
-20,-70,8421,-803,8422.0,-900
-20,-70,9610,925,9610.0,900
-20,-70,3617,732,3618.0,800
-20,-70,7286,-700,7286.0,-600
-20,-70,4628,-495,4628.0,-500
-20,-70,1602,-977,1602.0,-1000
-20,-70,9118,229,9118.0,200
-20,-70,6843,877,6842.0,900
-20,-70,9276,-801,9276.0,-700
-20,-70,1676,-741,1676.0,-800
-20,-60,7846,7,7847.0,100
-20,-60,788,860,789.0,900
-20,-60,8406,759,8406.0,800
-20,-60,1428,-444,1428.0,-500
-20,-60,8435,920,8436.0,900
-20,-60,3984,-824,3984.0,-900
-20,-60,1793,-507,1793.0,-600
-20,-60,200,-303,200.0,-200
-20,-60,6502,-449,6502.0,-500
-20,-60,7029,-543,7029.0,-600
-20,-50,4677,-239,4677.0,-300
-20,-50,3748,432,3748.0,500
-20,-50,7978,-807,7977.0,-800
-20,-50,5966,193,5966.0,100
-20,-50,5930,366,5930.0,400
-20,-50,3895,712,3895.0,700
-20,-50,7161,-490,7161.0,-500
-20,-50,2882,-446,2882.0,-500
-20,-50,1065,53,1066.0,0
-20,-50,9072,-431,9072.0,-400
-20,-40,894,-761,894.0,-700
-20,-40,1626,357,1625.0,400
-20,-40,7232,-29,7231.0,0
-20,-40,5287,-871,5287.0,-800
-20,-40,4899,-326,4900.0,-300
-20,-40,7815,-161,7815.0,-100
-20,-40,5607,-976,5607.0,-1000
-20,-40,6767,296,6767.0,300
-20,-40,9833,-291,9833.0,-300
-20,-40,665,823,665.0,900
-20,-30,8400,829,8400.0,800
-20,-30,4998,-767,4998.0,-700
-20,-30,3647,756,3648.0,800
-20,-30,9525,-355,9525.0,-400
-20,-30,5670,-914,5670.0,-900
-20,-30,3845,311,3845.0,300
-20,-30,9974,668,9974.0,700
-20,-30,2108,454,2108.0,400
-20,-30,4307,-723,4307.0,-800
-20,-30,8605,-885,8606.0,-900
-20,-20,2005,-182,2006.0,-200
-20,-20,893,-574,893.0,-600
-20,-20,9600,895,9600.0,900
-20,-20,3680,851,3681.0,800
-20,-20,5406,-569,5406.0,-600
-20,-20,110,526,110.0,600
-20,-20,1235,98,1235.0,100
-20,-20,3972,-292,3972.0,-200
-20,-20,87,-441,87.0,-500
-20,-20,1777,313,1778.0,400
-20,-10,9275,362,9275.0,400
-20,-10,3362,-41,3362.0,0
-20,-10,4541,269,4540.0,200
-20,-10,6706,-164,6706.0,-100
-20,-10,5539,599,5540.0,800
-20,-10,4960,177,4960.0,200
-20,-10,2510,-679,2510.0,-700
-20,-10,4270,862,4270.0,900
-20,-10,3735,-962,3735.0,-900
-20,-10,6516,-139,6516.0,-200
-20,0,7704,-999,7704.0,-1000
-20,0,6312,-676,6311.0,-800
-20,0,5984,612,5984.0,600
-20,0,1826,84,1826.0,200
-20,0,6291,209,6291.0,300
-20,0,2213,-909,2213.0,-900
-20,0,5013,766,5013.0,800
-20,0,217,-265,217.0,-300
-20,0,1172,-122,1172.0,-100
-20,0,495,327,496.0,400
-20,10,7714,945,7714.0,900
-20,10,5053,839,5053.0,700
-20,10,5281,-846,5281.0,-800
-20,10,6004,-454,6004.0,-400
-20,10,4375,-307,4375.0,-200
-20,10,4441,389,4441.0,300
-20,10,2602,248,2602.0,100
-20,10,5513,-885,5513.0,-900
-20,10,5609,-1,5609.0,0
-20,10,3262,-704,3262.0,-700
-20,20,3128,-566,3128.0,-700
-20,20,4870,286,4869.0,500
-20,20,1730,44,1729.0,-100
-20,20,3346,212,3346.0,300
-20,20,3078,-841,3077.0,-800
-20,20,88,953,88.0,900
-20,20,1611,746,1612.0,900
-20,20,4792,64,4792.0,0
-20,20,7931,458,7932.0,400
-20,20,3977,259,3976.0,200
-20,30,9528,-16,7558.0,600
-20,30,4974,137,7557.0,600
-20,30,4276,-669,7557.0,500
-20,30,8816,-577,7558.0,700
-20,30,7485,63,7557.0,700
-20,30,8245,-449,8241.0,-500
-20,30,6653,-10,7557.0,500
-20,30,7148,127,7149.0,200
-20,30,512,-697,7558.0,600
-20,30,2335,319,7558.0,700
-20,40,1594,207,7558.0,600
-20,40,5979,-293,7557.0,600
-20,40,8032,180,7557.0,600
-20,40,4164,-663,7557.0,500
-20,40,7410,-165,7557.0,600
-20,40,8087,-929,7557.0,600
-20,40,6191,19,7557.0,600
-20,40,656,610,7557.0,600
-20,40,378,188,7557.0,600
-20,40,3511,248,7557.0,600
-20,50,6308,-332,7557.0,600
-20,50,119,425,7557.0,600
-20,50,2589,741,7557.0,600
-20,50,8666,-432,7557.0,600
-20,50,459,-288,7557.0,600
-20,50,1019,675,7557.0,600
-20,50,3851,734,7557.0,600
-20,50,7072,-727,7557.0,600
-20,50,1051,418,7557.0,600
-20,50,8276,410,7557.0,600
-10,-100,1866,-278,1866.0,-200
-10,-100,1886,101,1886.0,100
-10,-100,2868,647,2868.0,700
-10,-100,5240,162,5240.0,200
-10,-100,787,-634,787.0,-600
-10,-100,1659,501,1659.0,500
-10,-100,7193,-350,7193.0,-300
-10,-100,6740,15,6740.0,0
-10,-100,3326,770,3326.0,800
-10,-100,1728,-239,1728.0,-200
-10,-90,5986,59,5986.0,100
-10,-90,2970,246,2970.0,200
-10,-90,2474,-203,2474.0,-200
-10,-90,9775,124,9775.0,100
-10,-90,9505,-356,9505.0,-300
-10,-90,2436,-29,2436.0,0
-10,-90,8242,20,8242.0,0
-10,-90,2564,-756,2564.0,-700
-10,-90,7848,-421,7848.0,-400
-10,-90,7606,326,7606.0,300
-10,-80,948,25,948.0,0
-10,-80,9396,58,9396.0,100
-10,-80,447,-84,447.0,-100
-10,-80,5774,-628,5774.0,-600
-10,-80,682,-980,682.0,-1000
-10,-80,4532,597,4532.0,600
-10,-80,6164,328,6164.0,300
-10,-80,9594,-738,9594.0,-700
-10,-80,7543,-259,7543.0,-200
-10,-80,3836,-846,3836.0,-900
-10,-70,4078,-208,4078.0,-200
-10,-70,858,578,858.0,600
-10,-70,5930,643,5930.0,700
-10,-70,4041,-603,4041.0,-600
-10,-70,6309,-246,6309.0,-200
-10,-70,8636,392,8636.0,400
-10,-70,7875,949,7875.0,900
-10,-70,2368,-139,2368.0,-100
-10,-70,4953,-202,4953.0,-200
-10,-70,3484,-181,3484.0,-200
-10,-60,5999,190,5999.0,200
-10,-60,2287,709,2287.0,700
-10,-60,9481,-186,9481.0,-100
-10,-60,9795,-851,9795.0,-900
-10,-60,5332,660,5332.0,700
-10,-60,1898,-578,1898.0,-500
-10,-60,7451,-560,7451.0,-500
-10,-60,7252,-158,7252.0,-200
-10,-60,2869,-695,2869.0,-700
-10,-60,7371,-63,7371.0,-100
-10,-50,7206,533,7206.0,500
-10,-50,5921,718,5921.0,700
-10,-50,7201,255,7201.0,300
-10,-50,6758,531,6758.0,500
-10,-50,4269,118,4269.0,100
-10,-50,5941,836,5941.0,800
-10,-50,7728,-94,7728.0,-100
-10,-50,8532,223,8532.0,200
-10,-50,1368,-289,1368.0,-300
-10,-50,8862,598,8862.0,600
-10,-40,5058,445,5058.0,500
-10,-40,9515,375,9515.0,400
-10,-40,8445,296,8445.0,300
-10,-40,1966,517,1966.0,500
-10,-40,2304,-905,2304.0,-1000
-10,-40,2694,706,2694.0,700
-10,-40,9883,703,9883.0,700
-10,-40,442,-808,442.0,-800
-10,-40,144,-139,144.0,-100
-10,-40,5725,-633,5725.0,-600
-10,-30,4269,162,4269.0,200
-10,-30,9454,264,9454.0,300
-10,-30,1137,-37,1137.0,0
-10,-30,7280,-725,7280.0,-700
-10,-30,6407,549,6407.0,500
-10,-30,1720,-765,1720.0,-800
-10,-30,5995,598,5995.0,600
-10,-30,1113,-639,1113.0,-700
-10,-30,6515,-833,6515.0,-800
-10,-30,8975,524,8975.0,500
-10,-20,1620,724,1620.0,800
-10,-20,2119,479,2119.0,500
-10,-20,1519,250,1519.0,300
-10,-20,2026,-560,2026.0,-500
-10,-20,8035,-419,8035.0,-400
-10,-20,5123,778,5123.0,800
-10,-20,4841,-24,4841.0,0
-10,-20,2082,733,2082.0,700
-10,-20,1237,730,1237.0,700
-10,-20,9963,854,9963.0,900
-10,-10,8635,499,8635.0,500
-10,-10,6849,-671,6849.0,-700
-10,-10,4305,-983,4305.0,-1000
-10,-10,8973,-511,8973.0,-500
-10,-10,428,-321,428.0,-300
-10,-10,5791,-680,5791.0,-700
-10,-10,6299,-409,6299.0,-400
-10,-10,2253,509,2253.0,500
-10,-10,9269,854,9269.0,900
-10,-10,6627,130,6627.0,100
-10,0,2368,397,2368.0,400
-10,0,9428,-851,9428.0,-800
-10,0,9345,412,9345.0,400
-10,0,6296,-427,6296.0,-400
-10,0,1909,-529,1909.0,-500
-10,0,3681,-852,3681.0,-900
-10,0,3915,-950,3915.0,-1000
-10,0,5044,-409,5044.0,-400
-10,0,6681,-891,6681.0,-900
-10,0,7746,141,7746.0,100
-10,10,4115,136,4115.0,100
-10,10,5392,378,5392.0,400
-10,10,1128,756,1128.0,800
-10,10,371,-426,371.0,-400
-10,10,3639,-369,3639.0,-400
-10,10,5431,28,5431.0,100
-10,10,8495,-978,8495.0,-1000
-10,10,5126,-610,5126.0,-600
-10,10,6340,-800,6340.0,-800
-10,10,1641,-287,1641.0,-300
-10,20,8260,277,8259.0,200
-10,20,3920,-619,3920.0,-600
-10,20,3251,-859,3252.0,-800
-10,20,7064,365,7064.0,300
-10,20,5932,-239,5932.0,-200
-10,20,7640,-90,7639.0,0
-10,20,9452,-645,9452.0,-600
-10,20,6489,-820,6489.0,-700
-10,20,9798,208,9798.0,100
-10,20,7822,430,7822.0,500
-10,30,3468,220,7557.0,600
-10,30,3425,-813,7557.0,600
-10,30,4892,679,7557.0,600
-10,30,5364,-318,7558.0,700
-10,30,8433,336,7557.0,600
-10,30,3538,117,7558.0,600
-10,30,1172,904,7557.0,600
-10,30,3085,-459,7557.0,600
-10,30,2843,-304,7557.0,500
-10,30,5195,-438,7557.0,600
-10,40,1221,301,7557.0,600
-10,40,5623,-206,7557.0,600
-10,40,4615,-830,7557.0,600
-10,40,9086,-1000,7557.0,600
-10,40,1038,543,7557.0,600
-10,40,3498,318,7557.0,600
-10,40,4552,836,7557.0,600
-10,40,997,-757,7557.0,600
-10,40,5566,256,7557.0,600
-10,40,5634,200,7557.0,600
-10,50,3854,-912,7557.0,600
-10,50,8684,664,7557.0,600
-10,50,1120,-1000,7557.0,600
-10,50,7578,-207,7557.0,600
-10,50,3312,612,7557.0,600
-10,50,6063,-143,7557.0,600
-10,50,4188,320,7557.0,600
-10,50,5490,554,7557.0,600
-10,50,599,-147,7557.0,600
-10,50,2599,790,7557.0,600
0,-100,7248,895,7248.0,900
0,-100,6595,691,6595.0,700
0,-100,2441,-874,2441.0,-900
0,-100,1938,256,1938.0,300
0,-100,7746,-235,7746.0,-200
0,-100,9012,-625,9012.0,-600
0,-100,3026,-33,3026.0,0
0,-100,6080,-841,6080.0,-800
0,-100,9293,-619,9293.0,-600
0,-100,813,-612,813.0,-600
0,-90,8153,-391,8153.0,-400
0,-90,9620,-773,9620.0,-800
0,-90,4321,-827,4321.0,-800
0,-90,3900,838,3900.0,800
0,-90,8732,134,8732.0,100
0,-90,2262,628,2262.0,600
0,-90,361,-827,361.0,-800
0,-90,6295,-199,6295.0,-200
0,-90,9784,462,9784.0,500
0,-90,2827,-110,2827.0,-100
0,-80,2122,-452,2122.0,-400
0,-80,9681,991,9681.0,900
0,-80,417,644,417.0,700
0,-80,3881,-407,3881.0,-400
0,-80,5520,931,5520.0,900
0,-80,1456,933,1456.0,900
0,-80,7305,26,7305.0,0
0,-80,5630,362,5630.0,400
0,-80,6512,690,6512.0,700
0,-80,8145,427,8145.0,400
0,-70,4733,-240,4733.0,-200
0,-70,8967,-362,8967.0,-300
0,-70,1312,832,1312.0,800
0,-70,5655,929,5655.0,900
0,-70,2579,33,2579.0,100
0,-70,1630,228,1630.0,200
0,-70,2233,707,2233.0,700
0,-70,5069,16,5069.0,0
0,-70,6886,-316,6886.0,-300
0,-70,9293,411,9293.0,400
0,-60,8358,-645,8358.0,-600
0,-60,7019,-493,7019.0,-500
0,-60,8681,-731,8681.0,-700
0,-60,7348,100,7348.0,100
0,-60,9383,-118,9383.0,-100
0,-60,6663,510,6663.0,500
0,-60,494,86,494.0,100
0,-60,7757,-457,7757.0,-500
0,-60,6741,70,6741.0,100
0,-60,2,326,2.0,300
0,-50,9128,368,9128.0,400
0,-50,8499,-820,8499.0,-800
0,-50,5895,-601,5895.0,-600
0,-50,7480,258,7480.0,300
0,-50,6291,-454,6291.0,-500
0,-50,7259,225,7259.0,200
0,-50,6792,-210,6792.0,-200
0,-50,6074,-2,6074.0,0
0,-50,9388,719,9388.0,700
0,-50,6302,-731,6302.0,-700
0,-40,3515,-382,3515.0,-400
0,-40,6999,-797,6999.0,-800
0,-40,1316,416,1316.0,400
0,-40,9172,-335,9172.0,-300
0,-40,6245,-685,6245.0,-700
0,-40,1397,-312,1397.0,-300
0,-40,4241,-650,4241.0,-600
0,-40,2583,-154,2583.0,-100
0,-40,9691,-61,9691.0,-100
0,-40,2070,-151,2070.0,-200
0,-30,4918,620,4918.0,600
0,-30,109,941,109.0,900
0,-30,8912,21,8912.0,0
0,-30,6845,990,6845.0,900
0,-30,8067,-846,8067.0,-800
0,-30,2727,541,2727.0,600
0,-30,3232,-114,3232.0,-100
0,-30,5721,155,5721.0,200
0,-30,9391,837,9391.0,900
0,-30,2086,399,2086.0,400
0,-20,8354,917,8354.0,900
0,-20,9021,-231,9021.0,-200
0,-20,7840,-192,7840.0,-200
0,-20,6553,-494,6553.0,-500
0,-20,5753,-188,5753.0,-200
0,-20,318,834,318.0,800
0,-20,8866,-153,8866.0,-200
0,-20,2240,-435,2240.0,-400
0,-20,8274,-459,8274.0,-400
0,-20,8615,133,8615.0,100
0,-10,4197,369,4197.0,400
0,-10,4330,-189,4330.0,-200
0,-10,3834,-122,3834.0,-100
0,-10,9803,-310,9803.0,-300
0,-10,8100,824,8100.0,800
0,-10,1544,-531,1544.0,-500
0,-10,7034,-712,7034.0,-700
0,-10,3200,794,3200.0,800
0,-10,7909,68,7909.0,100
0,-10,5616,-520,5616.0,-500
0,0,4533,-231,4533.0,-200
0,0,5687,896,5687.0,900
0,0,6777,-361,6777.0,-400
0,0,9719,96,9719.0,100
0,0,9428,-370,9428.0,-400
0,0,7255,227,7255.0,200
0,0,8975,368,8975.0,400
0,0,9067,379,9067.0,400
0,0,7092,968,7092.0,900
0,0,3227,-355,3227.0,-300
0,10,946,-735,946.0,-700
0,10,6300,209,6300.0,200
0,10,4663,-395,4663.0,-400
0,10,5399,-625,5399.0,-600
0,10,4633,359,4633.0,400
0,10,6790,60,6790.0,100
0,10,3858,-704,3858.0,-700
0,10,2012,-231,2012.0,-300
0,10,9446,-872,9446.0,-900
0,10,2603,127,2603.0,100
0,20,8209,790,8209.0,700
0,20,2531,623,2531.0,700
0,20,441,943,441.0,900
0,20,8190,916,8190.0,900
0,20,2276,837,2276.0,800
0,20,5116,-128,5116.0,-100
0,20,9637,-879,9637.0,-800
0,20,5813,762,5813.0,800
0,20,1997,80,1997.0,100
0,20,5008,-929,5008.0,-800
0,30,2786,907,7557.0,600
0,30,176,-407,7557.0,600
0,30,4587,668,7557.0,600
0,30,4020,753,7557.0,500
0,30,8155,119,7557.0,600
0,30,4424,863,7557.0,600
0,30,4718,-841,7557.0,600
0,30,6655,-760,7557.0,600
0,30,2620,430,7557.0,500
0,30,5226,195,7557.0,600
0,40,5277,-361,7557.0,600
0,40,6117,106,7557.0,600
0,40,263,-500,7557.0,600
0,40,3930,606,7557.0,600
0,40,7370,846,7557.0,600
0,40,4970,-501,7557.0,600
0,40,4671,-713,7557.0,600
0,40,811,-694,7557.0,600
0,40,3187,411,7557.0,600
0,40,9008,-370,7557.0,600
0,50,4978,283,7557.0,600
0,50,493,-781,7557.0,600
0,50,6297,639,7557.0,600
0,50,4328,701,7557.0,600
0,50,2166,352,7557.0,600
0,50,5330,360,7557.0,600
0,50,1946,-240,7557.0,600
0,50,9288,315,7557.0,600
0,50,7653,-451,7557.0,600
0,50,6341,758,7557.0,600
10,-100,2670,-445,2670.0,-400
10,-100,7490,-670,7490.0,-700
10,-100,8701,-581,8701.0,-600
10,-100,150,543,150.0,500
10,-100,9053,669,9053.0,700
10,-100,9927,307,9927.0,300
10,-100,8360,97,8360.0,100
10,-100,7734,12,7734.0,0
10,-100,6450,-536,6450.0,-500
10,-100,691,726,691.0,700
10,-90,8908,-430,8908.0,-400
10,-90,5332,722,5332.0,700
10,-90,1428,489,1428.0,500
10,-90,3674,203,3674.0,200
10,-90,9453,770,9453.0,800
10,-90,7584,445,7584.0,400
10,-90,5454,610,5454.0,600
10,-90,8480,-572,8480.0,-600
10,-90,878,765,878.0,800
10,-90,3939,515,3939.0,500
10,-80,7886,927,7886.0,900
10,-80,8955,259,8955.0,300
10,-80,7260,-787,7260.0,-800
10,-80,600,645,600.0,600
10,-80,8770,855,8770.0,900
10,-80,1672,-897,1672.0,-900
10,-80,1713,412,1713.0,400
10,-80,3383,141,3383.0,100
10,-80,7252,-892,7252.0,-900
10,-80,5008,-900,5008.0,-900
10,-70,9467,-189,9467.0,-200
10,-70,5414,-738,5414.0,-700
10,-70,8005,-985,8005.0,-1000
10,-70,9981,-418,9981.0,-400
10,-70,76,808,76.0,800
10,-70,2301,-722,2301.0,-700
10,-70,8023,675,8023.0,700
10,-70,1085,604,1085.0,600
10,-70,7245,669,7245.0,700
10,-70,8716,711,8716.0,700
10,-60,2363,-702,2363.0,-700
10,-60,8883,-269,8883.0,-300
10,-60,2833,555,2833.0,600
10,-60,9724,690,9724.0,700
10,-60,6935,817,6935.0,800
10,-60,2755,-880,2755.0,-900
10,-60,9550,509,9550.0,500
10,-60,6965,-249,6965.0,-200
10,-60,4631,887,4631.0,900
10,-60,1665,315,1665.0,300
10,-50,6034,926,6034.0,900
10,-50,1527,111,1527.0,100
10,-50,6146,949,6146.0,900
10,-50,3766,32,3766.0,0
10,-50,3421,747,3421.0,800
10,-50,5317,586,5317.0,600
10,-50,2924,-728,2924.0,-700
10,-50,6438,276,6438.0,300
10,-50,7690,944,7690.0,900
10,-50,4560,910,4560.0,900
10,-40,9642,933,9642.0,900
10,-40,4183,-682,4183.0,-700
10,-40,150,-566,150.0,-600
10,-40,418,-867,418.0,-900
10,-40,2563,-617,2563.0,-600
10,-40,2868,-720,2868.0,-700
10,-40,6344,141,6344.0,100
10,-40,1283,909,1283.0,900
10,-40,9748,491,9748.0,500
10,-40,8882,329,8882.0,300
10,-30,5825,904,5825.0,900
10,-30,9998,-910,9998.0,-900
10,-30,3100,889,3100.0,900
10,-30,8891,329,8891.0,300
10,-30,6040,-349,6040.0,-300
10,-30,5308,-1000,5308.0,-1000
10,-30,9798,-527,9798.0,-500
10,-30,8148,453,8148.0,500
10,-30,9,877,9.0,900
10,-30,6441,94,6441.0,100
10,-20,2364,635,2364.0,600
10,-20,7930,42,7930.0,0
10,-20,673,-494,673.0,-500
10,-20,6511,-74,6511.0,-100
10,-20,1325,309,1325.0,300
10,-20,9164,-771,9164.0,-800
10,-20,6259,-492,6259.0,-500
10,-20,935,111,935.0,100
10,-20,299,-930,299.0,-900
10,-20,7876,-203,7876.0,-200
10,-10,5221,63,5221.0,100
10,-10,5998,838,5998.0,800
10,-10,4937,-165,4937.0,-200
10,-10,453,-943,453.0,-900
10,-10,1166,-679,1166.0,-700
10,-10,969,-785,969.0,-800
10,-10,1824,-812,1824.0,-800
10,-10,9247,-463,9247.0,-500
10,-10,4400,893,4400.0,900
10,-10,715,-205,715.0,-200
10,0,5337,543,5337.0,600
10,0,8958,378,8958.0,400
10,0,1408,333,1408.0,300
10,0,8980,-356,8980.0,-300
10,0,4339,-847,4339.0,-900
10,0,2124,-29,2124.0,0
10,0,6241,765,6241.0,800
10,0,3002,270,3002.0,300
10,0,3972,28,3972.0,0
10,0,1511,200,1511.0,200
10,10,9258,396,9258.0,400
10,10,974,-502,974.0,-500
10,10,3140,270,3140.0,300
10,10,6111,-73,6111.0,-100
10,10,2297,748,2297.0,800
10,10,3346,-746,3346.0,-700
10,10,8758,-771,8758.0,-800
10,10,8615,901,8615.0,900
10,10,9051,-575,9051.0,-600
10,10,9857,-56,9857.0,0
10,20,3421,898,3421.0,900
10,20,9599,-581,9599.0,-600
10,20,8484,157,8484.0,200
10,20,6072,-750,6072.0,-800
10,20,8261,735,8260.0,800
10,20,7748,-467,7748.0,-400
10,20,7068,245,7068.0,200
10,20,6948,-767,6948.0,-800
10,20,7686,-162,7686.0,-200
10,20,7225,-236,7225.0,-200
10,30,7051,965,7557.0,600
10,30,6132,-879,7557.0,600
10,30,9459,968,7557.0,600
10,30,9901,-743,7557.0,600
10,30,1323,-497,7557.0,600
10,30,3602,961,7557.0,600
10,30,4339,-838,7557.0,600
10,30,8622,-140,7557.0,600
10,30,2660,-52,7557.0,500
10,30,9612,254,7557.0,500
10,40,3630,327,7557.0,600
10,40,5873,-442,7557.0,600
10,40,2643,994,7557.0,600
10,40,9765,358,7557.0,600
10,40,6453,-846,7557.0,600
10,40,4558,-766,7557.0,600
10,40,4145,23,7557.0,600
10,40,5846,23,7557.0,600
10,40,9327,556,7557.0,600
10,40,2139,615,7557.0,600
10,50,5757,135,7557.0,600
10,50,7614,619,7557.0,600
10,50,1420,898,7557.0,600
10,50,5331,-170,7557.0,600
10,50,7113,251,7557.0,600
10,50,3536,949,7557.0,600
10,50,274,-460,7557.0,600
10,50,228,-380,7557.0,600
10,50,8320,782,7557.0,600
10,50,3073,737,7557.0,600
20,-100,1056,-398,1056.0,-400
20,-100,3119,349,3119.0,400
20,-100,8097,336,8097.0,300
20,-100,5198,-482,5198.0,-500
20,-100,9348,809,9348.0,800
20,-100,8414,-697,8414.0,-700
20,-100,9129,-605,9129.0,-600
20,-100,6263,514,6263.0,500
20,-100,7617,341,7617.0,300
20,-100,811,561,811.0,600
20,-90,1019,487,1019.0,500
20,-90,4948,-396,4948.0,-400
20,-90,3336,-868,3336.0,-900
20,-90,6354,942,6354.0,900
20,-90,2631,105,2631.0,100
20,-90,1316,536,1316.0,500
20,-90,3468,419,3468.0,400
20,-90,7543,44,7543.0,100
20,-90,5607,-87,5607.0,-100
20,-90,7962,400,7962.0,400
20,-80,2681,-593,2681.0,-600
20,-80,3965,497,3965.0,500
20,-80,4831,227,4831.0,200
20,-80,7900,-499,7900.0,-500
20,-80,669,487,669.0,500
20,-80,7218,850,7218.0,900
20,-80,1135,247,1135.0,300
20,-80,8095,-74,8095.0,-100
20,-80,8632,-971,8632.0,-1000
20,-80,1068,902,1068.0,900
20,-70,5757,607,5757.0,600
20,-70,8700,-216,8700.0,-200
20,-70,1246,843,1246.0,800
20,-70,7331,317,7331.0,300
20,-70,2194,-612,2194.0,-600
20,-70,5319,-259,5319.0,-300
20,-70,394,684,394.0,700
20,-70,3804,364,3804.0,400
20,-70,7388,-947,7388.0,-900
20,-70,5681,869,5681.0,900
20,-60,4986,-357,4986.0,-300
20,-60,5811,625,5811.0,600
20,-60,7325,-949,7325.0,-1000
20,-60,7850,-894,7850.0,-900
20,-60,5252,-722,5252.0,-700
20,-60,995,561,995.0,600
20,-60,7711,493,7711.0,500
20,-60,146,-83,146.0,-100
20,-60,9122,-816,9122.0,-800
20,-60,9255,451,9255.0,500
20,-50,2754,-277,2754.0,-300
20,-50,1200,-434,1200.0,-400
20,-50,4001,811,4001.0,800
20,-50,7291,-115,7291.0,-100
20,-50,8334,-529,8334.0,-500
20,-50,8897,197,8897.0,200
20,-50,1571,-591,1571.0,-600
20,-50,2203,-876,2203.0,-900
20,-50,5697,-160,5697.0,-200
20,-50,4488,505,4488.0,500
20,-40,9667,-393,9667.0,-400
20,-40,2041,-707,2041.0,-700
20,-40,554,-541,554.0,-500
20,-40,4136,-874,4136.0,-900
20,-40,6732,884,6732.0,900
20,-40,1431,982,1431.0,900
20,-40,9063,522,9063.0,500
20,-40,8781,-143,8781.0,-100
20,-40,9198,-683,9198.0,-700
20,-40,8304,-374,8304.0,-400
20,-30,7703,224,7703.0,200
20,-30,9878,213,9878.0,200
20,-30,5814,794,5814.0,800
20,-30,555,-180,555.0,-200
20,-30,6740,-54,6740.0,0
20,-30,4421,827,4421.0,800
20,-30,2059,-941,2059.0,-900
20,-30,6730,-688,6730.0,-700
20,-30,4373,764,4373.0,800
20,-30,5505,525,5505.0,500
20,-20,8145,-308,8145.0,-300
20,-20,9150,480,9150.0,500
20,-20,6586,48,6586.0,100
20,-20,9826,502,9826.0,500
20,-20,9292,775,9292.0,800
20,-20,5702,511,5702.0,500
20,-20,1111,342,1111.0,300
20,-20,293,-349,293.0,-300
20,-20,8296,812,8296.0,800
20,-20,4318,-848,4318.0,-800
20,-10,21,-449,21.0,-400
20,-10,8591,7,8591.0,0
20,-10,8109,592,8109.0,600
20,-10,1842,462,1842.0,500
20,-10,4053,-735,4053.0,-700
20,-10,3885,-374,3885.0,-400
20,-10,3141,859,3141.0,900
20,-10,2065,258,2065.0,300
20,-10,4708,335,4708.0,300
20,-10,323,-427,323.0,-400
20,0,566,397,566.0,400
20,0,173,-692,173.0,-700
20,0,1325,640,1325.0,600
20,0,2939,-666,2939.0,-700
20,0,5816,337,5816.0,300
20,0,9906,999,9906.0,900
20,0,7074,-960,7074.0,-1000
20,0,3970,867,3970.0,900
20,0,3267,-1,3267.0,0
20,0,3689,92,3689.0,100
20,10,5868,476,5868.0,500
20,10,8636,-793,8636.0,-800
20,10,3004,-839,3004.0,-800
20,10,8992,226,8992.0,200
20,10,1066,-133,1066.0,-100
20,10,1661,-696,1661.0,-700
20,10,6584,116,6584.0,100
20,10,5719,-205,5719.0,-200
20,10,3118,-360,3118.0,-400
20,10,5622,258,5622.0,300
20,20,1504,-491,1504.0,-500
20,20,8898,-652,8899.0,-600
20,20,4059,-625,4058.0,-700
20,20,5349,569,5349.0,500
20,20,5025,132,5025.0,100
20,20,4050,-460,4050.0,-400
20,20,604,167,603.0,100
20,20,3189,197,3189.0,200
20,20,9110,-250,9110.0,-200
20,20,5949,155,5949.0,100
20,30,6498,658,7557.0,600
20,30,707,750,7557.0,600
20,30,1188,-442,7557.0,600
20,30,452,543,452.0,300
20,30,6019,-299,7557.0,600
20,30,6926,-194,7557.0,600
20,30,6392,841,7557.0,500
20,30,735,-365,7557.0,500
20,30,3358,-280,7557.0,600
20,30,7362,-932,7557.0,600
20,40,9266,-234,7557.0,600
20,40,3921,479,7557.0,600
20,40,5421,-681,7557.0,600
20,40,9789,595,7557.0,600
20,40,1817,-533,7557.0,600
20,40,7843,232,7557.0,600
20,40,1272,-384,7557.0,600
20,40,7499,-807,7557.0,600
20,40,7988,44,7557.0,600
20,40,8559,-908,7557.0,600
20,50,9138,859,7557.0,600
20,50,532,-62,7557.0,600
20,50,789,-236,7557.0,600
20,50,5423,-120,7557.0,600
20,50,8296,593,7557.0,600
20,50,954,972,7557.0,600
20,50,2172,282,7557.0,600
20,50,9152,299,7557.0,600
20,50,3236,-563,7557.0,600
20,50,1011,-665,7557.0,600
30,-100,2964,-443,2964.0,-400
30,-100,3303,-407,3303.0,-400
30,-100,2395,531,2395.0,500
30,-100,1493,449,1493.0,500
30,-100,4480,45,4480.0,100
30,-100,9214,-669,9214.0,-700
30,-100,2223,381,2223.0,400
30,-100,1497,176,1497.0,200
30,-100,1336,-284,1336.0,-300
30,-100,1761,932,1761.0,900
30,-90,1501,-208,1501.0,-200
30,-90,2376,-445,2376.0,-400
30,-90,530,81,530.0,100
30,-90,1301,718,1301.0,700
30,-90,7142,-671,7142.0,-700
30,-90,5221,339,5221.0,300
30,-90,3159,-7,3159.0,0
30,-90,1639,969,1639.0,900
30,-90,4999,-779,4999.0,-800
30,-90,2814,-59,2814.0,-100
30,-80,6744,-65,6744.0,-100
30,-80,6764,920,6764.0,900
30,-80,7998,752,7998.0,800
30,-80,742,123,742.0,100
30,-80,8765,-563,8765.0,-600
30,-80,4830,193,4830.0,200
30,-80,5715,-945,5715.0,-900
30,-80,5787,943,5787.0,900
30,-80,3842,533,3842.0,500
30,-80,3844,342,3844.0,300
30,-70,4983,-729,4983.0,-700
30,-70,8599,-632,8599.0,-600
30,-70,5704,918,5704.0,900
30,-70,7625,209,7625.0,200
30,-70,6703,-257,6703.0,-300
30,-70,5969,633,5969.0,600
30,-70,8750,573,8750.0,600
30,-70,5642,-575,5642.0,-600
30,-70,6290,818,6290.0,800
30,-70,3953,-576,3953.0,-600
30,-60,6211,-620,6211.0,-600
30,-60,8906,-461,8906.0,-500
30,-60,2260,-36,2260.0,0
30,-60,7817,-729,7817.0,-700
30,-60,1997,-502,1997.0,-500
30,-60,8057,806,8057.0,800
30,-60,8838,-91,8838.0,-100
30,-60,2781,-856,2781.0,-900
30,-60,6521,-117,6521.0,-100
30,-60,5125,771,5125.0,800
30,-50,4597,-627,4597.0,-600
30,-50,7437,815,7437.0,800
30,-50,1881,-113,1881.0,-100
30,-50,6786,39,6786.0,0
30,-50,567,618,567.0,600
30,-50,6065,629,6065.0,600
30,-50,8711,-239,8711.0,-200
30,-50,7182,-776,7182.0,-800
30,-50,1298,175,1298.0,200
30,-50,8604,-388,8604.0,-400
30,-40,1898,627,1898.0,600
30,-40,7514,-330,7514.0,-300
30,-40,9352,917,9352.0,900
30,-40,6890,-377,6890.0,-400
30,-40,4240,-458,4240.0,-500
30,-40,9202,123,9202.0,100
30,-40,3386,-467,3386.0,-500
30,-40,7908,212,7908.0,200
30,-40,1120,711,1120.0,700
30,-40,6693,593,6693.0,600
30,-30,5903,-73,5903.0,-100
30,-30,1144,-12,1144.0,0
30,-30,7304,-713,7304.0,-700
30,-30,2032,-619,2032.0,-600
30,-30,8560,-326,8560.0,-300
30,-30,8395,675,8395.0,700
30,-30,5812,-18,5812.0,0
30,-30,7254,-625,7254.0,-600
30,-30,7198,-467,7198.0,-500
30,-30,7052,735,7052.0,700
30,-20,2414,235,2414.0,200
30,-20,4977,28,4977.0,0
30,-20,7309,-391,7309.0,-400
30,-20,106,263,106.0,300
30,-20,3732,958,3732.0,900
30,-20,274,634,274.0,600
30,-20,8498,218,8498.0,200
30,-20,1165,-889,1165.0,-900
30,-20,5933,756,5933.0,800
30,-20,853,982,853.0,900
30,-10,9718,849,9718.0,900
30,-10,7798,385,7798.0,400
30,-10,5304,263,5304.0,300
30,-10,5729,-527,5729.0,-500
30,-10,949,556,949.0,600
30,-10,1925,326,1925.0,300
30,-10,5654,-635,5654.0,-600
30,-10,7291,-400,7291.0,-400
30,-10,4116,742,4116.0,700
30,-10,4711,-165,4711.0,-200
30,0,4800,170,4800.0,200
30,0,6208,538,6208.0,600
30,0,832,348,832.0,400
30,0,5353,-599,5353.0,-600
30,0,857,441,857.0,500
30,0,8051,262,8051.0,300
30,0,4742,975,4742.0,900
30,0,8810,-678,8810.0,-700
30,0,8336,-863,8336.0,-900
30,0,4977,-463,4977.0,-500
30,10,5694,-895,5694.0,-900
30,10,4911,253,4911.0,300
30,10,801,-287,801.0,-300
30,10,3159,632,3159.0,600
30,10,6480,-188,6480.0,-200
30,10,4894,-25,4894.0,0
30,10,7662,-149,7662.0,-200
30,10,1619,-307,1619.0,-300
30,10,3519,-877,3519.0,-900
30,10,476,409,476.0,400
30,20,5011,-598,5011.0,-500
30,20,7084,472,7084.0,500
30,20,7818,49,7818.0,-100
30,20,6896,452,6896.0,400
30,20,6619,138,6619.0,0
30,20,9959,-843,9959.0,-800
30,20,3213,8,3213.0,0
30,20,1218,-334,1218.0,-300
30,20,6035,356,6035.0,600
30,20,7206,452,7205.0,400
30,30,420,70,7557.0,600
30,30,8022,-766,7557.0,600
30,30,8995,9,7557.0,600
30,30,5458,961,7557.0,600
30,30,6025,982,7557.0,600
30,30,1133,602,7557.0,600
30,30,2353,806,7557.0,600
30,30,4219,-835,7557.0,600
30,30,5835,872,7557.0,600
30,30,4493,751,7557.0,600
30,40,491,396,7557.0,600
30,40,5351,710,7557.0,600
30,40,3344,-38,7557.0,600
30,40,2753,-301,7557.0,600
30,40,3161,-255,7557.0,600
30,40,91,-896,7557.0,600
30,40,3185,248,7557.0,600
30,40,5619,335,7557.0,600
30,40,659,785,7557.0,600
30,40,2629,-603,7557.0,600
30,50,4992,-907,7557.0,600
30,50,2996,478,7557.0,600
30,50,3047,-315,7557.0,600
30,50,8694,835,7557.0,600
30,50,6497,297,7557.0,600
30,50,478,797,7557.0,600
30,50,1981,-156,7557.0,600
30,50,2243,655,7557.0,600
30,50,522,-524,7557.0,600
30,50,6332,-353,7557.0,600
40,-100,8540,-940,8540.0,-900
40,-100,890,409,890.0,400
40,-100,6935,-869,6935.0,-900
40,-100,1494,797,1494.0,800
40,-100,5134,668,5134.0,700
40,-100,7980,814,7980.0,800
40,-100,4332,990,4332.0,900
40,-100,3073,-461,3073.0,-500
40,-100,8379,304,8379.0,300
40,-100,5341,-378,5341.0,-400
40,-90,3115,-205,3115.0,-200
40,-90,2245,460,2245.0,500
40,-90,8926,254,8926.0,300
40,-90,2278,216,2278.0,200
40,-90,4365,325,4365.0,300
40,-90,9874,-773,9874.0,-800
40,-90,9948,885,9948.0,900
40,-90,2134,-286,2134.0,-300
40,-90,8313,-179,8313.0,-200
40,-90,7408,-457,7408.0,-500
40,-80,5012,404,5012.0,400
40,-80,3035,271,3035.0,300
40,-80,5137,432,5137.0,400
40,-80,7755,-969,7755.0,-1000
40,-80,9678,-287,9678.0,-300
40,-80,7955,607,7955.0,600
40,-80,6965,167,6965.0,200
40,-80,6813,-739,6813.0,-700
40,-80,1933,401,1933.0,400
40,-80,6937,142,6937.0,100
40,-70,2176,-201,2176.0,-200
40,-70,143,-515,143.0,-500
40,-70,6328,-632,6328.0,-600
40,-70,7508,-690,7508.0,-700
40,-70,5666,950,5666.0,900
40,-70,2092,901,2092.0,900
40,-70,643,-324,643.0,-300
40,-70,487,-658,487.0,-700
40,-70,7469,968,7469.0,900
40,-70,35,-279,35.0,-300
40,-60,7928,-842,7928.0,-800
40,-60,3736,330,3736.0,300
40,-60,814,-70,814.0,-100
40,-60,5693,-33,5693.0,0
40,-60,7965,-855,7965.0,-800
40,-60,4254,845,4254.0,800
40,-60,776,-421,776.0,-400
40,-60,77,434,77.0,400
40,-60,3023,997,3023.0,900
40,-60,7397,332,7397.0,300
40,-50,4100,802,4100.0,800
40,-50,6242,-31,6242.0,0
40,-50,472,-536,472.0,-500
40,-50,1333,-598,1333.0,-600
40,-50,1512,155,1512.0,200
40,-50,5318,512,5318.0,500
40,-50,2117,-120,2117.0,-100
40,-50,4454,965,4454.0,900
40,-50,5467,772,5467.0,800
40,-50,3521,-817,3521.0,-800
40,-40,9715,-182,9715.0,-200
40,-40,3520,608,3520.0,600
40,-40,7858,790,7858.0,800
40,-40,5819,210,5819.0,200
40,-40,8641,524,8641.0,500
40,-40,1356,-830,1356.0,-800
40,-40,7129,451,7129.0,500
40,-40,7579,-641,7579.0,-600
40,-40,5614,-946,5614.0,-900
40,-40,6400,529,6400.0,500
40,-30,94,399,94.0,400
40,-30,171,-482,171.0,-500
40,-30,8188,-390,8188.0,-400
40,-30,3687,-196,3687.0,-200
40,-30,4112,826,4112.0,800
40,-30,5222,18,5222.0,0
40,-30,1065,-927,1065.0,-900
40,-30,1508,55,1508.0,100
40,-30,331,-2,331.0,0
40,-30,6149,35,6149.0,0
40,-20,4324,-782,4324.0,-800
40,-20,4760,-699,4760.0,-700
40,-20,3384,781,3384.0,800
40,-20,184,5,184.0,0
40,-20,7228,799,7228.0,800
40,-20,7879,-304,7879.0,-300
40,-20,4332,-536,4332.0,-500
40,-20,6501,244,6501.0,300
40,-20,9494,288,9494.0,300
40,-20,1000,-447,1000.0,-400
40,-10,9468,-48,9468.0,0
40,-10,6127,-882,6127.0,-900
40,-10,2813,-20,2813.0,0
40,-10,754,767,754.0,800
40,-10,9189,-592,9189.0,-600
40,-10,5508,781,5508.0,800
40,-10,7431,614,7431.0,600
40,-10,3595,-886,3595.0,-900
40,-10,5431,168,5431.0,200
40,-10,550,25,550.0,0
40,0,2519,-67,2519.0,-100
40,0,3727,512,3727.0,500
40,0,2548,-139,2548.0,-100
40,0,1555,-465,1555.0,-500
40,0,1895,-710,1895.0,-700
40,0,3677,86,3677.0,100
40,0,3771,743,3771.0,800
40,0,6566,637,6566.0,600
40,0,6616,-473,6616.0,-500
40,0,140,-496,140.0,-500
40,10,8847,825,8847.0,800
40,10,8033,-153,8033.0,-200
40,10,3172,890,3172.0,900
40,10,1524,456,1524.0,400
40,10,9340,-640,9340.0,-600
40,10,8376,-789,8376.0,-800
40,10,3646,172,3646.0,200
40,10,3355,445,3355.0,500
40,10,6982,574,6982.0,600
40,10,2597,414,2597.0,400
40,20,4357,833,4357.0,700
40,20,5455,726,5455.0,700
40,20,7854,-487,7854.0,-500
40,20,6461,-614,6461.0,-700
40,20,5028,672,5028.0,700
40,20,9252,160,9252.0,100
40,20,8749,335,8749.0,300
40,20,6508,328,6508.0,400
40,20,4953,-795,4953.0,-700
40,20,6932,536,6932.0,500
40,30,2805,-903,7557.0,600
40,30,2349,634,7557.0,600
40,30,5875,-908,7557.0,500
40,30,1711,-877,7557.0,600
40,30,2874,583,2873.0,700
40,30,1020,-19,7557.0,600
40,30,2486,-91,7557.0,600
40,30,1012,-170,7557.0,600
40,30,5757,-871,7557.0,600
40,30,2788,667,7557.0,600
40,40,1311,450,7557.0,600
40,40,5754,-720,7557.0,600
40,40,3633,431,7557.0,600
40,40,5530,-903,7557.0,600
40,40,97,388,7557.0,600
40,40,7806,-880,7557.0,600
40,40,5377,-85,7557.0,600
40,40,7446,-841,7557.0,600
40,40,4179,-690,7557.0,600
40,40,6271,764,7557.0,600
40,50,7797,338,7557.0,600
40,50,154,544,7557.0,600
40,50,5510,932,7557.0,600
40,50,3949,794,7557.0,600
40,50,4984,692,7557.0,600
40,50,8414,149,7557.0,600
40,50,4367,460,7557.0,600
40,50,7662,-898,7557.0,600
40,50,7319,-508,7557.0,600
40,50,8888,231,7557.0,600
50,-100,6145,-944,6145.0,-900
50,-100,1736,-494,1736.0,-500
50,-100,3726,-146,3726.0,-100
50,-100,5773,-451,5773.0,-400
50,-100,5896,-56,5896.0,0
50,-100,3595,413,3595.0,400
50,-100,7332,669,7332.0,700
50,-100,1350,-131,1350.0,-100
50,-100,4319,-848,4319.0,-800
50,-100,9707,-385,9707.0,-400
50,-90,8728,-397,8728.0,-400
50,-90,9522,852,9522.0,900
50,-90,6774,-220,6774.0,-200
50,-90,3706,439,3706.0,400
50,-90,7057,145,7057.0,200
50,-90,5226,13,5226.0,0
50,-90,6499,801,6499.0,800
50,-90,7363,-592,7363.0,-600
50,-90,8327,799,8327.0,800
50,-90,4574,-647,4574.0,-600
50,-80,2273,-533,2273.0,-500
50,-80,3515,-594,3515.0,-600
50,-80,6090,-641,6090.0,-600
50,-80,4315,406,4315.0,400
50,-80,6635,76,6635.0,100
50,-80,121,728,121.0,700
50,-80,1722,283,1722.0,300
50,-80,9943,87,9943.0,100
50,-80,3991,-12,3991.0,0
50,-80,3628,-37,3628.0,0
50,-70,9965,526,9965.0,500
50,-70,2310,-889,2310.0,-900
50,-70,84,163,84.0,200
50,-70,9993,449,9993.0,500
50,-70,6208,149,6208.0,200
50,-70,8577,-802,8577.0,-800
50,-70,6169,-566,6169.0,-600
50,-70,3962,-183,3962.0,-200
50,-70,7078,-186,7078.0,-200
50,-70,5192,-772,5192.0,-800
50,-60,758,786,758.0,800
50,-60,770,-236,770.0,-200
50,-60,5944,436,5944.0,400
50,-60,6378,904,6378.0,900
50,-60,2015,-70,2015.0,-100
50,-60,8853,176,8853.0,200
50,-60,1834,979,1834.0,900
50,-60,2858,697,2858.0,700
50,-60,4638,-902,4638.0,-900
50,-60,6905,-739,6905.0,-700
50,-50,5426,-700,5426.0,-700
50,-50,4237,-11,4237.0,0
50,-50,5717,-136,5717.0,-100
50,-50,6317,-806,6317.0,-800
50,-50,819,441,819.0,400
50,-50,2204,-400,2204.0,-400
50,-50,2789,-952,2789.0,-1000
50,-50,3840,-696,3840.0,-700
50,-50,67,-152,67.0,-200
50,-50,8663,8,8663.0,0
50,-40,4829,-411,4829.0,-400
50,-40,5166,54,5166.0,100
50,-40,6851,646,6851.0,700
50,-40,5263,79,5263.0,100
50,-40,2745,-285,2745.0,-300
50,-40,4060,-894,4060.0,-900
50,-40,5590,-981,5590.0,-1000
50,-40,7393,341,7393.0,300
50,-40,4604,486,4604.0,500
50,-40,2280,-107,2280.0,-100
50,-30,5458,-974,5458.0,-1000
50,-30,4299,725,4299.0,700
50,-30,103,-154,103.0,-200
50,-30,8310,295,8310.0,300
50,-30,2157,601,2157.0,600
50,-30,8298,285,8298.0,300
50,-30,7564,327,7564.0,300
50,-30,9259,-714,9259.0,-700
50,-30,7451,536,7451.0,500
50,-30,508,-528,508.0,-500
50,-20,298,637,298.0,600
50,-20,4528,884,4528.0,900
50,-20,2398,260,2398.0,300
50,-20,9213,23,9213.0,0
50,-20,9886,-350,9886.0,-300
50,-20,659,543,659.0,500
50,-20,1570,31,1570.0,0
50,-20,6822,939,6822.0,900
50,-20,8758,-374,8758.0,-400
50,-20,8295,332,8295.0,300
50,-10,4525,-524,4525.0,-500
50,-10,4464,19,4464.0,0
50,-10,5060,-632,5060.0,-600
50,-10,697,-120,697.0,-100
50,-10,4508,-38,4508.0,0
50,-10,8899,344,8899.0,300
50,-10,81,255,81.0,300
50,-10,1918,-307,1918.0,-300
50,-10,6512,175,6512.0,200
50,-10,9346,-783,9346.0,-800
50,0,6918,595,6918.0,600
50,0,3905,200,3905.0,200
50,0,1073,-797,1073.0,-800
50,0,852,430,852.0,400
50,0,1284,346,1284.0,400
50,0,7681,595,7681.0,600
50,0,8540,41,8540.0,100
50,0,3733,214,3733.0,200
50,0,5942,-759,5942.0,-800
50,0,1321,-660,1321.0,-700
50,10,3349,-367,3349.0,-300
50,10,2568,-539,2568.0,-500
50,10,9560,42,9560.0,100
50,10,6446,-409,6446.0,-400
50,10,9798,113,9798.0,100
50,10,9395,163,9395.0,200
50,10,8686,808,8686.0,800
50,10,3122,-977,3122.0,-1000
50,10,7135,670,7135.0,700
50,10,6592,696,6592.0,700
50,20,8721,978,8721.0,900
50,20,7069,663,7069.0,800
50,20,7272,976,7272.0,900
50,20,4971,-985,4972.0,-1000
50,20,418,222,418.0,300
50,20,6951,-57,6950.0,-100
50,20,2914,-177,2914.0,-100
50,20,2415,-943,2415.0,-900
50,20,4145,856,4145.0,800
50,20,5773,728,5773.0,800
50,30,891,-782,7557.0,600
50,30,3793,-752,7557.0,600
50,30,1023,-999,1022.0,-1000
50,30,7417,626,7557.0,600
50,30,9291,-650,7557.0,600
50,30,9229,-976,7557.0,600
50,30,9093,-294,7557.0,600
50,30,9829,-941,7557.0,600
50,30,4704,785,4705.0,800
50,30,9241,-22,7557.0,600
50,40,6043,-612,7557.0,600
50,40,1870,15,7557.0,600
50,40,7217,632,7557.0,600
50,40,8678,-348,7557.0,600
50,40,7543,-105,7557.0,600
50,40,6294,496,7557.0,600
50,40,9937,-239,7557.0,600
50,40,3940,-693,7557.0,600
50,40,5425,-452,7557.0,600
50,40,4018,-957,7557.0,600
50,50,5297,-641,7557.0,600
50,50,5263,300,7557.0,600
50,50,3070,448,7557.0,600
50,50,4846,-688,7557.0,600
50,50,7415,164,7557.0,600
50,50,3407,324,7557.0,600
50,50,6891,-579,7557.0,600
50,50,7577,-892,7557.0,600
50,50,4587,-103,7557.0,600
50,50,1198,-340,7557.0,600
